Unique Key,Created Date,Closed Date,Agency,Agency Name,Complaint Type,Descriptor,Location Type,Incident Zip,Incident Address,Street Name,Cross Street 1,Cross Street 2,Intersection Street 1,Intersection Street 2,Address Type,City,Landmark,Facility Type,Status,Due Date,Resolution Description,Resolution Action Updated Date,Community Board,BBL,Borough,X Coordinate (State Plane),Y Coordinate (State Plane),Open Data Channel Type,Park Facility Name,Park Borough,Vehicle Type,Taxi Company Borough,Taxi Pick Up Location,Bridge Highway Name,Bridge Highway Direction,Road Ramp,Bridge Highway Segment,Latitude,Longitude
41933778,3/11/2019 0:00,3/11/2019 0:00,DOHMH,Department of Health and Mental Hygiene,Rodent,Mouse Sighting,3+ Family Apt. Building,11373,42-25 HAMPTON STREET,HAMPTON STREET,ELMHURST AVENUE,WHITNEY AVENUE,,,ADDRESS,Elmhurst,,N/A,Closed,4/10/2019 18:07,The Department of Health and Mental Hygiene will review your complaint to determine appropriate action.  Complaints of this type usually result in an inspection.  Please call 311 in 30 days from the date of your complaint for status,3/11/2019 18:15,04 QUEENS,4015560043,QUEENS,1018200,210578,ONLINE,Unspecified,QUEENS,,,,,,,,40.74459939,-73.87747895
41933263,3/11/2019 0:00,3/14/2019 10:18,DOHMH,Department of Health and Mental Hygiene,Rodent,Rat Sighting,Other (Explain Below),11235,6 BRIGHTON   10 PATH,BRIGHTON   10 PATH,CONEY ISLAND AVENUE,BRIGHTON 10 STREET,,,ADDRESS,BROOKLYN,,N/A,Closed,4/10/2019 17:01,The Department of Health and Mental Hygiene will review your complaint to determine appropriate action.  Complaints of this type usually result in an inspection.  Please call 311 in 30 days from the date of your complaint for status,3/14/2019 10:18,13 BROOKLYN,3087030050,BROOKLYN,995491,151018,PHONE,Unspecified,BROOKLYN,,,,,,,,40.58117846,-73.959532
41933000,3/11/2019 0:00,3/18/2019 0:00,DOHMH,Department of Health and Mental Hygiene,Rodent,Rat Sighting,Other (Explain Below),11225,CARROLL STREET,CARROLL STREET,ROGERS AVENUE,NOSTRAND AVENUE,,,BLOCKFACE,BROOKLYN,,N/A,Closed,4/10/2019 22:54,The Department of Health and Mental Hygiene will review your complaint to determine appropriate action.  Complaints of this type usually result in an inspection.  Please call 311 in 30 days from the date of your complaint for status,3/15/2019 0:00,Unspecified BROOKLYN,,BROOKLYN,997528,182379,PHONE,Unspecified,BROOKLYN,,,,,,,,40.667255,-73.95213704
41932502,3/11/2019 0:00,3/14/2019 0:00,DOHMH,Department of Health and Mental Hygiene,Unsanitary Animal Pvt Property,Dog,3+ Family Mixed Use Building,11694,1 BEACH  105 STREET,BEACH  105 STREET,SHORE FRONT PARKWAY,ROCKAWAY BEACH BOULEVARD,,,ADDRESS,Rockaway Park,,N/A,Closed,4/10/2019 9:32,The Department of Health and Mental Hygiene will review your complaint to determine appropriate action.  Complaints of this type usually result in an inspection.  Please call 311 in 30 days from the date of your complaint for status,3/14/2019 0:00,14 QUEENS,4161770055,QUEENS,1032786,151180,UNKNOWN,Unspecified,QUEENS,,,,,,,,40.58149738,-73.82526772
41932348,3/11/2019 0:00,,DOHMH,Department of Health and Mental Hygiene,Rodent,Rat Sighting,3+ Family Apt. Building,11373,94-66 45 AVENUE,45 AVENUE,,,,,LATLONG,ELMHURST,,N/A,Assigned,4/10/2019 22:17,The Department of Health and Mental Hygiene will review your complaint to determine appropriate action.  Complaints of this type usually result in an inspection.  Please call 311 in 30 days from the date of your complaint for status,3/18/2019 10:28,Unspecified QUEENS,,QUEENS,1020716,210495,MOBILE,Unspecified,QUEENS,,,,,,,,40.74436156,-73.8683995
41932255,3/11/2019 0:00,3/14/2019 17:37,DOHMH,Department of Health and Mental Hygiene,Rodent,Condition Attracting Rodents,3+ Family Apt. Building,11373,42-25 HAMPTON STREET,HAMPTON STREET,ELMHURST AVENUE,WHITNEY AVENUE,,,ADDRESS,Elmhurst,,N/A,Closed,4/10/2019 18:02,The Department of Health and Mental Hygiene will review your complaint to determine appropriate action.  Complaints of this type usually result in an inspection.  Please call 311 in 30 days from the date of your complaint for status,3/14/2019 17:37,04 QUEENS,4015560043,QUEENS,1018200,210578,ONLINE,Unspecified,QUEENS,,,,,,,,40.74459939,-73.87747895
41930185,3/11/2019 0:00,3/15/2019 0:00,DOHMH,Department of Health and Mental Hygiene,Rodent,Rat Sighting,Other (Explain Below),10009,610 EAST 14 STREET,EAST 14 STREET,,,,,LATLONG,NEW YORK,,N/A,Closed,4/10/2019 23:39,The Department of Health and Mental Hygiene will review your complaint to determine appropriate action.  Complaints of this type usually result in an inspection.  Please call 311 in 30 days from the date of your complaint for status,3/15/2019 0:00,Unspecified MANHATTAN,,MANHATTAN,990478,204941,MOBILE,Unspecified,MANHATTAN,,,,,,,,40.7291902,-73.97752918
41930144,3/11/2019 0:00,3/14/2019 0:00,DOHMH,Department of Health and Mental Hygiene,Unsanitary Animal Pvt Property,Dog,1-2 Family Dwelling,11370,31-17 83 STREET,83 STREET,31 AVENUE,32 AVENUE,,,ADDRESS,East Elmhurst,,N/A,Closed,4/10/2019 15:38,The Department of Health and Mental Hygiene will review your complaint to determine appropriate action.  Complaints of this type usually result in an inspection.  Please call 311 in 30 days from the date of your complaint for status,3/14/2019 0:00,03 QUEENS,4013950047,QUEENS,1016104,215793,UNKNOWN,Unspecified,QUEENS,,,,,,,,40.75892103,-73.88501842
41929276,3/11/2019 0:00,3/11/2019 0:00,DOHMH,Department of Health and Mental Hygiene,Rodent,Mouse Sighting,3+ Family Apt. Building,10458,2746 DECATUR AVENUE,DECATUR AVENUE,,,,,LATLONG,BRONX,,N/A,Closed,4/10/2019 3:10,The Department of Health and Mental Hygiene will review your complaint to determine appropriate action.  Complaints of this type usually result in an inspection.  Please call 311 in 30 days from the date of your complaint for status,3/11/2019 3:19,Unspecified BRONX,,BRONX,1015342,254653,MOBILE,Unspecified,BRONX,,,,,,,,40.86558352,-73.88758896
41929204,3/11/2019 0:00,3/13/2019 0:00,DOHMH,Department of Health and Mental Hygiene,Rodent,Rat Sighting,1-2 Family Dwelling,11211,383 UNION AVENUE,UNION AVENUE,HOPE STREET,AINSLIE STREET,,,ADDRESS,BROOKLYN,,N/A,Closed,4/10/2019 14:41,The Department of Health and Mental Hygiene will review your complaint to determine appropriate action.  Complaints of this type usually result in an inspection.  Please call 311 in 30 days from the date of your complaint for status,3/13/2019 0:00,01 BROOKLYN,3023750023,BROOKLYN,997753,198671,ONLINE,Unspecified,BROOKLYN,,,,,,,,40.71197245,-73.95129333
41928737,3/11/2019 0:00,,DOHMH,Department of Health and Mental Hygiene,Rodent,Rat Sighting,3+ Family Mixed Use Building,11233,1647 ST JOHN'S PLACE,ST JOHN'S PLACE,BUFFALO AVENUE,RALPH AVENUE,,,ADDRESS,BROOKLYN,,N/A,Assigned,4/10/2019 19:57,The Department of Health and Mental Hygiene will review your complaint to determine appropriate action.  Complaints of this type usually result in an inspection.  Please call 311 in 30 days from the date of your complaint for status,3/11/2019 20:03,Unspecified BROOKLYN,3013810047,BROOKLYN,1005636,183440,PHONE,Unspecified,BROOKLYN,,,,,,,,40.67015134,-73.92290692
41928568,3/11/2019 0:00,3/14/2019 0:00,DOHMH,Department of Health and Mental Hygiene,Rodent,Signs of Rodents,3+ Family Apt. Building,11692,67-17 THURSBY AVENUE,THURSBY AVENUE,,,,,LATLONG,ARVERNE,,N/A,Closed,4/10/2019 12:38,The Department of Health and Mental Hygiene will review your complaint to determine appropriate action.  Complaints of this type usually result in an inspection.  Please call 311 in 30 days from the date of your complaint for status,3/14/2019 0:00,Unspecified QUEENS,,QUEENS,1040619,156017,MOBILE,Unspecified,QUEENS,,,,,,,,40.59472759,-73.79702823
41927941,3/11/2019 0:00,3/14/2019 15:37,DOHMH,Department of Health and Mental Hygiene,Rodent,Rat Sighting,1-2 Family Dwelling,11210,557 EAST   28 STREET,EAST   28 STREET,FOSTER AVENUE,FARRAGUT ROAD,,,ADDRESS,BROOKLYN,,N/A,Closed,4/10/2019 16:39,The Department of Health and Mental Hygiene will review your complaint to determine appropriate action.  Complaints of this type usually result in an inspection.  Please call 311 in 30 days from the date of your complaint for status,3/14/2019 15:37,14 BROOKLYN,,BROOKLYN,998120,171435,PHONE,Unspecified,BROOKLYN,,,,,,,,40.6372152,-73.95002557
41927116,3/11/2019 0:00,3/14/2019 0:00,DOHMH,Department of Health and Mental Hygiene,Rodent,Rat Sighting,Other (Explain Below),11372,92-03 ROOSEVELT AVENUE,ROOSEVELT AVENUE,92 STREET,ASKE STREET,,,ADDRESS,Jackson Heights,,N/A,Closed,4/10/2019 18:59,The Department of Health and Mental Hygiene will review your complaint to determine appropriate action.  Complaints of this type usually result in an inspection.  Please call 311 in 30 days from the date of your complaint for status,3/14/2019 0:00,03 QUEENS,4014800044,QUEENS,1019031,212051,PHONE,Unspecified,QUEENS,,,,,,,,40.74863917,-73.87447237
41926234,3/11/2019 0:00,3/14/2019 0:00,DOHMH,Department of Health and Mental Hygiene,Rodent,Rat Sighting,1-2 Family Dwelling,11370,32-03 77 STREET,77 STREET,32 AVENUE,NORTHERN BOULEVARD,,,ADDRESS,East Elmhurst,,N/A,Closed,4/10/2019 12:44,The Department of Health and Mental Hygiene will review your complaint to determine appropriate action.  Complaints of this type usually result in an inspection.  Please call 311 in 30 days from the date of your complaint for status,3/14/2019 0:00,03 QUEENS,4011730080,QUEENS,1014630,215062,PHONE,Unspecified,QUEENS,,,,,,,,40.75691981,-73.89034233
41935641,3/11/2019 0:00,3/11/2019 0:00,DOHMH,Department of Health and Mental Hygiene,Rodent,Rat Sighting,Parking Lot/Garage,11235,2640 EAST 14 STREET,EAST 14 STREET,,,,,LATLONG,BROOKLYN,,N/A,Closed,4/10/2019 15:53,The Department of Health and Mental Hygiene will review your complaint to determine appropriate action.  Complaints of this type usually result in an inspection.  Please call 311 in 30 days from the date of your complaint for status,3/11/2019 15:56,Unspecified BROOKLYN,,BROOKLYN,996643,153075,MOBILE,Unspecified,BROOKLYN,,,,,,,,40.58682298,-73.95538098
41934663,3/11/2019 0:00,3/14/2019 15:51,DOHMH,Department of Health and Mental Hygiene,Rodent,Mouse Sighting,3+ Family Apt. Building,11691,711 SEAGIRT AVENUE,SEAGIRT AVENUE,BEACH 6 STREET,BEACH 8 STREET,,,ADDRESS,Far Rockaway,,N/A,Closed,4/10/2019 22:30,The Department of Health and Mental Hygiene will review your complaint to determine appropriate action.  Complaints of this type usually result in an inspection.  Please call 311 in 30 days from the date of your complaint for status,3/14/2019 15:51,14 QUEENS,4156100001,QUEENS,1055848,156519,PHONE,Unspecified,QUEENS,,,,,,,,40.59599554,-73.74218707
41933729,3/11/2019 0:00,3/14/2019 0:00,DOHMH,Department of Health and Mental Hygiene,Rodent,Rat Sighting,3+ Family Apt. Building,10456,1102 WASHINGTON AVENUE,WASHINGTON AVENUE,EAST 166 STREET,GOUVERNEUR PLACE,,,ADDRESS,BRONX,,N/A,Closed,4/10/2019 9:21,The Department of Health and Mental Hygiene will review your complaint to determine appropriate action.  Complaints of this type usually result in an inspection.  Please call 311 in 30 days from the date of your complaint for status,3/14/2019 0:00,03 BRONX,2023710006,BRONX,1009591,241144,PHONE,Unspecified,BRONX,,,,,,,,40.8285237,-73.90843235
41932324,3/11/2019 0:00,3/14/2019 0:00,DOHMH,Department of Health and Mental Hygiene,Rodent,Mouse Sighting,3+ Family Apt. Building,11691,20-30 ELK DRIVE,ELK DRIVE,,,,,LATLONG,FAR ROCKAWAY,,N/A,Closed,4/10/2019 14:46,The Department of Health and Mental Hygiene will review your complaint to determine appropriate action.  Complaints of this type usually result in an inspection.  Please call 311 in 30 days from the date of your complaint for status,3/14/2019 0:00,Unspecified QUEENS,,QUEENS,1052286,157450,MOBILE,Unspecified,QUEENS,,,,,,,,40.59857899,-73.75500382
41929324,3/11/2019 0:00,3/14/2019 0:00,DOHMH,Department of Health and Mental Hygiene,Rodent,Rat Sighting,Commercial Building,11235,2640 EAST 14 STREET,EAST 14 STREET,,,,,LATLONG,BROOKLYN,,N/A,Closed,4/10/2019 15:53,The Department of Health and Mental Hygiene will review your complaint to determine appropriate action.  Complaints of this type usually result in an inspection.  Please call 311 in 30 days from the date of your complaint for status,3/14/2019 0:00,Unspecified BROOKLYN,,BROOKLYN,996643,153075,MOBILE,Unspecified,BROOKLYN,,,,,,,,40.58682298,-73.95538098
41929308,3/11/2019 0:00,,DOHMH,Department of Health and Mental Hygiene,Rodent,Rat Sighting,3+ Family Apt. Building,10466,4430 WILDER AVENUE,WILDER AVENUE,NEREID AVENUE,CAMP STREET,,,ADDRESS,BRONX,,N/A,Assigned,4/10/2019 9:54,The Department of Health and Mental Hygiene will review your complaint to determine appropriate action.  Complaints of this type usually result in an inspection.  Please call 311 in 30 days from the date of your complaint for status,3/13/2019 8:30,12 BRONX,2050960017,BRONX,1027161,267390,PHONE,Unspecified,BRONX,,,,,,,,40.90049302,-73.84477664
41926285,3/11/2019 0:00,3/13/2019 12:44,DOHMH,Department of Health and Mental Hygiene,Rodent,Condition Attracting Rodents,3+ Family Apt. Building,10458,377 EAST 199 STREET,EAST 199 STREET,,,,,LATLONG,BRONX,,N/A,Closed,4/10/2019 4:02,The Department of Health and Mental Hygiene will review your complaint to determine appropriate action.  Complaints of this type usually result in an inspection.  Please call 311 in 30 days from the date of your complaint for status,3/13/2019 12:44,Unspecified BRONX,,BRONX,1016023,255405,MOBILE,Unspecified,BRONX,,,,,,,,40.86764511,-73.88512329
41921120,3/11/2019 0:00,3/13/2019 14:41,DOHMH,Department of Health and Mental Hygiene,Rodent,Rat Sighting,3+ Family Apt. Building,10457,,,,,VALENTINE AVENUE,EAST 180 STREET,INTERSECTION,BRONX,,N/A,Closed,4/10/2019 1:01,The Department of Health and Mental Hygiene will review your complaint to determine appropriate action.  Complaints of this type usually result in an inspection.  Please call 311 in 30 days from the date of your complaint for status,3/13/2019 14:41,05 BRONX,,BRONX,1011911,249890,PHONE,Unspecified,BRONX,,,,,,,,40.85252194,-73.90001316
41936133,3/11/2019 0:00,3/13/2019 0:00,DOHMH,Department of Health and Mental Hygiene,Rodent,Rat Sighting,3+ Family Apt. Building,10024,300 WEST 88 STREET,WEST 88 STREET,,,,,LATLONG,NEW YORK,,N/A,Closed,4/10/2019 7:19,The Department of Health and Mental Hygiene will review your complaint to determine appropriate action.  Complaints of this type usually result in an inspection.  Please call 311 in 30 days from the date of your complaint for status,3/12/2019 0:00,Unspecified MANHATTAN,,MANHATTAN,990524,227145,MOBILE,Unspecified,MANHATTAN,,,,,,,,40.79013445,-73.97734249
41934521,3/11/2019 0:00,3/13/2019 0:00,DOHMH,Department of Health and Mental Hygiene,Rodent,Mouse Sighting,3+ Family Apt. Building,10025,973 AMSTERDAM AVENUE,AMSTERDAM AVENUE,,,,,LATLONG,NEW YORK,,N/A,Closed,4/10/2019 16:45,The Department of Health and Mental Hygiene will review your complaint to determine appropriate action.  Complaints of this type usually result in an inspection.  Please call 311 in 30 days from the date of your complaint for status,3/11/2019 16:49,Unspecified MANHATTAN,,MANHATTAN,994053,231270,MOBILE,Unspecified,MANHATTAN,,,,,,,,40.80145325,-73.96459207
41933772,3/11/2019 0:00,3/13/2019 0:00,DOHMH,Department of Health and Mental Hygiene,Rodent,Mouse Sighting,3+ Family Apt. Building,10023,41 WEST   72 STREET,WEST   72 STREET,CENTRAL PARK WEST,COLUMBUS AVENUE,,,ADDRESS,NEW YORK,,N/A,Closed,4/10/2019 12:11,The Department of Health and Mental Hygiene will review your complaint to determine appropriate action.  Complaints of this type usually result in an inspection.  Please call 311 in 30 days from the date of your complaint for status,3/13/2019 0:00,07 MANHATTAN,1011257501,MANHATTAN,990368,222377,PHONE,Unspecified,MANHATTAN,,,,,,,,40.77704767,-73.9779102
41932236,3/11/2019 0:00,3/13/2019 0:00,DOHMH,Department of Health and Mental Hygiene,Rodent,Rat Sighting,3+ Family Apt. Building,11230,856 EAST   15 STREET,EAST   15 STREET,PEDESTRIAN OVERPASS,AVENUE I,,,ADDRESS,BROOKLYN,,N/A,Closed,4/10/2019 15:03,The Department of Health and Mental Hygiene will review your complaint to determine appropriate action.  Complaints of this type usually result in an inspection.  Please call 311 in 30 days from the date of your complaint for status,3/12/2019 0:00,14 BROOKLYN,3066980028,BROOKLYN,994793,168234,PHONE,Unspecified,BROOKLYN,,,,,,,,40.62843372,-73.96201795
41931574,3/11/2019 0:00,3/11/2019 0:00,DOHMH,Department of Health and Mental Hygiene,Rodent,Rat Sighting,3+ Family Apt. Building,10031,517 WEST 147 STREET,WEST 147 STREET,,,,,LATLONG,NEW YORK,,N/A,Closed,4/10/2019 23:49,The Department of Health and Mental Hygiene will review your complaint to determine appropriate action.  Complaints of this type usually result in an inspection.  Please call 311 in 30 days from the date of your complaint for status,3/11/2019 23:53,Unspecified MANHATTAN,,MANHATTAN,998767,240634,MOBILE,Unspecified,MANHATTAN,,,,,,,,40.82714832,-73.94754509
41929285,3/11/2019 0:00,3/11/2019 0:00,DOHMH,Department of Health and Mental Hygiene,Rodent,Rat Sighting,3+ Family Apt. Building,10025,251 WEST 109 STREET,WEST 109 STREET,,,,,LATLONG,NEW YORK,,N/A,Closed,4/10/2019 1:51,The Department of Health and Mental Hygiene will review your complaint to determine appropriate action.  Complaints of this type usually result in an inspection.  Please call 311 in 30 days from the date of your complaint for status,3/11/2019 1:53,Unspecified MANHATTAN,,MANHATTAN,993569,232003,MOBILE,Unspecified,MANHATTAN,,,,,,,,40.80346565,-73.96633923
41927052,3/11/2019 0:00,3/11/2019 0:00,DOHMH,Department of Health and Mental Hygiene,Rodent,Rat Sighting,3+ Family Apt. Building,10031,517 WEST 147 STREET,WEST 147 STREET,,,,,LATLONG,NEW YORK,,N/A,Closed,4/10/2019 23:44,The Department of Health and Mental Hygiene will review your complaint to determine appropriate action.  Complaints of this type usually result in an inspection.  Please call 311 in 30 days from the date of your complaint for status,3/11/2019 23:48,Unspecified MANHATTAN,,MANHATTAN,998767,240634,MOBILE,Unspecified,MANHATTAN,,,,,,,,40.82714832,-73.94754509
41925628,3/11/2019 0:00,3/12/2019 0:00,DOHMH,Department of Health and Mental Hygiene,Rodent,Condition Attracting Rodents,1-2 Family Dwelling,11236,115 EAST   87 STREET,EAST   87 STREET,BEND,AVENUE B,,,ADDRESS,BROOKLYN,,N/A,Closed,4/10/2019 12:36,The Department of Health and Mental Hygiene will review your complaint to determine appropriate action.  Complaints of this type usually result in an inspection.  Please call 311 in 30 days from the date of your complaint for status,3/12/2019 0:00,17 BROOKLYN,3047470035,BROOKLYN,1006505,175833,PHONE,Unspecified,BROOKLYN,,,,,,,,40.64926966,-73.91979943
41927229,3/11/2019 0:00,3/11/2019 0:00,DOHMH,Department of Health and Mental Hygiene,Rodent,Signs of Rodents,3+ Family Apt. Building,10459,957 KELLY STREET,KELLY STREET,,,,,LATLONG,BRONX,,N/A,Closed,4/10/2019 7:17,The Department of Health and Mental Hygiene will review your complaint to determine appropriate action.  Complaints of this type usually result in an inspection.  Please call 311 in 30 days from the date of your complaint for status,3/11/2019 7:20,Unspecified BRONX,,BRONX,1012989,238622,MOBILE,Unspecified,BRONX,,,,,,,,40.82159113,-73.89616477
41925556,3/11/2019 0:00,3/11/2019 0:00,DOHMH,Department of Health and Mental Hygiene,Rodent,Rat Sighting,3+ Family Apt. Building,10459,967 KELLY STREET,KELLY STREET,,,,,LATLONG,BRONX,,N/A,Closed,4/10/2019 19:35,The Department of Health and Mental Hygiene will review your complaint to determine appropriate action.  Complaints of this type usually result in an inspection.  Please call 311 in 30 days from the date of your complaint for status,3/11/2019 19:38,Unspecified BRONX,,BRONX,1012979,238717,MOBILE,Unspecified,BRONX,,,,,,,,40.82185191,-73.89620049
41936192,3/11/2019 0:00,,DOHMH,Department of Health and Mental Hygiene,Rodent,Mouse Sighting,3+ Family Apt. Building,11225,492 LEFFERTS AVENUE,LEFFERTS AVENUE,BALFOUR PLACE,LAMONT COURT,,,ADDRESS,BROOKLYN,,N/A,Assigned,4/10/2019 15:57,The Department of Health and Mental Hygiene will review your complaint to determine appropriate action.  Complaints of this type usually result in an inspection.  Please call 311 in 30 days from the date of your complaint for status,3/11/2019 16:02,09 BROOKLYN,3013327505,BROOKLYN,999562,180727,ONLINE,Unspecified,BROOKLYN,,,,,,,,40.66271735,-73.94480887
41936144,3/11/2019 0:00,,DOHMH,Department of Health and Mental Hygiene,Rodent,Condition Attracting Rodents,3+ Family Apt. Building,11220,353 58 STREET,58 STREET,GOWANUS EXPWY EB EN BELT PKWY,4 AVENUE,,,ADDRESS,BROOKLYN,,N/A,Assigned,4/10/2019 18:22,The Department of Health and Mental Hygiene will review your complaint to determine appropriate action.  Complaints of this type usually result in an inspection.  Please call 311 in 30 days from the date of your complaint for status,3/11/2019 18:30,07 BROOKLYN,3008460052,BROOKLYN,979221,173367,PHONE,Unspecified,BROOKLYN,,,,,,,,40.64252756,-74.01812123
41935505,3/11/2019 0:00,,DOHMH,Department of Health and Mental Hygiene,Rodent,Rat Sighting,Other (Explain Below),10013,135 WATTS STREET,WATTS STREET,GREENWICH STREET,WASHINGTON STREET,,,ADDRESS,NEW YORK,,N/A,Assigned,4/10/2019 9:15,The Department of Health and Mental Hygiene will review your complaint to determine appropriate action.  Complaints of this type usually result in an inspection.  Please call 311 in 30 days from the date of your complaint for status,3/11/2019 9:18,01 MANHATTAN,1002240024,MANHATTAN,981542,203092,ONLINE,Unspecified,MANHATTAN,,,,,,,,40.72411692,-74.00976981
41935504,3/11/2019 0:00,,DOHMH,Department of Health and Mental Hygiene,Unsanitary Animal Pvt Property,Dog,1-2 Family Dwelling,11212,250 EAST   95 STREET,EAST   95 STREET,WINTHROP STREET,CLARKSON AVENUE,,,ADDRESS,BROOKLYN,,N/A,Assigned,4/10/2019 9:39,The Department of Health and Mental Hygiene will review your complaint to determine appropriate action.  Complaints of this type usually result in an inspection.  Please call 311 in 30 days from the date of your complaint for status,3/11/2019 9:42,17 BROOKLYN,3046300040,BROOKLYN,1005828,179891,ONLINE,Unspecified,BROOKLYN,,,,,,,,40.66040966,-73.92222615
41935281,3/11/2019 0:00,3/11/2019 0:00,DOHMH,Department of Health and Mental Hygiene,Rodent,Rat Sighting,3+ Family Apt. Building,11368,103-46 52 AVENUE,52 AVENUE,,,,,LATLONG,CORONA,,N/A,Closed,4/10/2019 22:05,The Department of Health and Mental Hygiene will review your complaint to determine appropriate action.  Complaints of this type usually result in an inspection.  Please call 311 in 30 days from the date of your complaint for status,3/11/2019 22:08,Unspecified QUEENS,,QUEENS,1024011,209752,MOBILE,Unspecified,QUEENS,,,,,,,,40.74230801,-73.85651274
41934788,3/11/2019 0:00,3/11/2019 0:00,DOHMH,Department of Health and Mental Hygiene,Rodent,Rat Sighting,Other (Explain Below),11222,99 MESEROLE AVENUE,MESEROLE AVENUE,LORIMER STREET,MANHATTAN AVENUE,,,ADDRESS,BROOKLYN,,N/A,Closed,4/10/2019 17:42,The Department of Health and Mental Hygiene will review your complaint to determine appropriate action.  Complaints of this type usually result in an inspection.  Please call 311 in 30 days from the date of your complaint for status,3/11/2019 17:47,01 BROOKLYN,3025960001,BROOKLYN,997198,204113,ONLINE,Unspecified,BROOKLYN,,,,,,,,40.72691025,-73.9532848
41934649,3/11/2019 0:00,,DOHMH,Department of Health and Mental Hygiene,Rodent,Rat Sighting,Other (Explain Below),11220,272 45 STREET,45 STREET,2 AVENUE,3 AVENUE,,,ADDRESS,BROOKLYN,,N/A,Assigned,4/10/2019 14:09,The Department of Health and Mental Hygiene will review your complaint to determine appropriate action.  Complaints of this type usually result in an inspection.  Please call 311 in 30 days from the date of your complaint for status,3/11/2019 14:15,07 BROOKLYN,3007450041,BROOKLYN,980761,176459,PHONE,Unspecified,BROOKLYN,,,,,,,,40.65101517,-74.01257367
41934593,3/11/2019 0:00,,DOHMH,Department of Health and Mental Hygiene,Rodent,Condition Attracting Rodents,3+ Family Apt. Building,11211,149 NORTH    4 STREET,NORTH    4 STREET,BEDFORD AVENUE,DRIGGS AVENUE,,,ADDRESS,BROOKLYN,,N/A,Assigned,4/10/2019 10:36,The Department of Health and Mental Hygiene will review your complaint to determine appropriate action.  Complaints of this type usually result in an inspection.  Please call 311 in 30 days from the date of your complaint for status,3/11/2019 10:47,01 BROOKLYN,3023447502,BROOKLYN,995592,200108,PHONE,Unspecified,BROOKLYN,,,,,,,,40.7159197,-73.95908585
41934592,3/11/2019 0:00,,DOHMH,Department of Health and Mental Hygiene,Rodent,Condition Attracting Rodents,Other (Explain Below),10036,448 WEST   48 STREET,WEST   48 STREET,9 AVENUE,10 AVENUE,,,ADDRESS,NEW YORK,,N/A,Assigned,4/10/2019 10:04,The Department of Health and Mental Hygiene will review your complaint to determine appropriate action.  Complaints of this type usually result in an inspection.  Please call 311 in 30 days from the date of your complaint for status,3/11/2019 10:09,04 MANHATTAN,1010570058,MANHATTAN,986669,217192,PHONE,Unspecified,MANHATTAN,,,,,,,,40.76281798,-73.99126776
41934491,3/11/2019 0:00,3/11/2019 0:00,DOHMH,Department of Health and Mental Hygiene,Rodent,Condition Attracting Rodents,3+ Family Apt. Building,10457,2087 TIEBOUT AVENUE,TIEBOUT AVENUE,EAST 180 STREET,BEND,,,ADDRESS,BRONX,,N/A,Closed,4/10/2019 19:01,The Department of Health and Mental Hygiene will review your complaint to determine appropriate action.  Complaints of this type usually result in an inspection.  Please call 311 in 30 days from the date of your complaint for status,3/11/2019 19:16,05 BRONX,2031440080,BRONX,1012172,249912,PHONE,Unspecified,BRONX,,,,,,,,40.8525815,-73.89906962
41934014,3/11/2019 0:00,,DOHMH,Department of Health and Mental Hygiene,Rodent,Mouse Sighting,3+ Family Mixed Use Building,11208,675 LINCOLN AVENUE,LINCOLN AVENUE,SUTTER AVENUE,BLAKE AVENUE,,,ADDRESS,BROOKLYN,,N/A,Assigned,4/10/2019 12:24,The Department of Health and Mental Hygiene will review your complaint to determine appropriate action.  Complaints of this type usually result in an inspection.  Please call 311 in 30 days from the date of your complaint for status,3/11/2019 12:35,05 BROOKLYN,3042710005,BROOKLYN,1021300,184378,PHONE,Unspecified,BROOKLYN,,,,,,,,40.67267424,-73.86643565
41933914,3/11/2019 0:00,,DOHMH,Department of Health and Mental Hygiene,Rodent,Rat Sighting,Vacant Building,11221,1070A DEKALB AVENUE,DEKALB AVENUE,,,,,LATLONG,BROOKLYN,,N/A,Assigned,4/10/2019 18:25,The Department of Health and Mental Hygiene will review your complaint to determine appropriate action.  Complaints of this type usually result in an inspection.  Please call 311 in 30 days from the date of your complaint for status,3/11/2019 18:28,Unspecified BROOKLYN,,BROOKLYN,1003156,191902,MOBILE,Unspecified,BROOKLYN,,,,,,,,40.69338324,-73.93182318
41933887,3/11/2019 0:00,,DOHMH,Department of Health and Mental Hygiene,Rodent,Rat Sighting,3+ Family Apt. Building,11206,869 PARK AVENUE,PARK AVENUE,MARCUS GARVEY BOULEVARD,BROADWAY,,,ADDRESS,BROOKLYN,,N/A,Assigned,4/10/2019 15:34,The Department of Health and Mental Hygiene will review your complaint to determine appropriate action.  Complaints of this type usually result in an inspection.  Please call 311 in 30 days from the date of your complaint for status,3/11/2019 15:46,03 BROOKLYN,3015797501,BROOKLYN,1000761,193813,PHONE,Unspecified,BROOKLYN,,,,,,,,40.69863328,-73.94045509
41933815,3/11/2019 0:00,3/11/2019 0:00,DOHMH,Department of Health and Mental Hygiene,Rodent,Rat Sighting,3+ Family Apt. Building,10027,220 LENOX AVENUE,LENOX AVENUE,WEST 121 STREET,WEST 122 STREET,,,ADDRESS,NEW YORK,,N/A,Closed,4/10/2019 11:03,The Department of Health and Mental Hygiene will review your complaint to determine appropriate action.  Complaints of this type usually result in an inspection.  Please call 311 in 30 days from the date of your complaint for status,3/11/2019 11:10,10 MANHATTAN,1017200035,MANHATTAN,998846,232675,PHONE,Unspecified,MANHATTAN,,,,,,,,40.80530297,-73.94727695
41933164,3/11/2019 0:00,,DOHMH,Department of Health and Mental Hygiene,Rodent,Condition Attracting Rodents,3+ Family Apt. Building,10458,2734 BAINBRIDGE AVENUE,BAINBRIDGE AVENUE,EAST 194 STREET,EAST 196 STREET,,,ADDRESS,BRONX,,N/A,Assigned,4/10/2019 11:01,The Department of Health and Mental Hygiene will review your complaint to determine appropriate action.  Complaints of this type usually result in an inspection.  Please call 311 in 30 days from the date of your complaint for status,3/11/2019 11:09,07 BRONX,2032870056,BRONX,1014474,254887,PHONE,Unspecified,BRONX,,,,,,,,40.86622879,-73.8907261
41933001,3/11/2019 0:00,,DOHMH,Department of Health and Mental Hygiene,Rodent,Rat Sighting,3+ Family Apt. Building,10014,14 GAY STREET,GAY STREET,WAVERLY PLACE,BEND,,,ADDRESS,NEW YORK,,N/A,Assigned,4/10/2019 23:27,The Department of Health and Mental Hygiene will review your complaint to determine appropriate action.  Complaints of this type usually result in an inspection.  Please call 311 in 30 days from the date of your complaint for status,3/11/2019 23:30,02 MANHATTAN,1005930048,MANHATTAN,984119,206536,ONLINE,Unspecified,MANHATTAN,,,,,,,,40.73357027,-74.00047268
41932738,3/11/2019 0:00,,DOHMH,Department of Health and Mental Hygiene,Rodent,Rat Sighting,3+ Family Apt. Building,11218,3824 FORT HAMILTON PARKWAY,FORT HAMILTON PARKWAY,38 STREET,39 STREET,,,ADDRESS,BROOKLYN,,N/A,Assigned,4/10/2019 1:29,The Department of Health and Mental Hygiene will review your complaint to determine appropriate action.  Complaints of this type usually result in an inspection.  Please call 311 in 30 days from the date of your complaint for status,3/11/2019 0:00,12 BROOKLYN,3052880052,BROOKLYN,987021,173720,ONLINE,Unspecified,BROOKLYN,,,,,,,,40.64349747,-73.99001498
41932421,3/11/2019 0:00,3/11/2019 0:00,DOHMH,Department of Health and Mental Hygiene,Rodent,Rat Sighting,3+ Family Apt. Building,10468,2856 WEBB AVENUE,WEBB AVENUE,WEST 197 STREET,RESERVOIR AVENUE,,,ADDRESS,BRONX,,N/A,Closed,4/10/2019 18:15,The Department of Health and Mental Hygiene will review your complaint to determine appropriate action.  Complaints of this type usually result in an inspection.  Please call 311 in 30 days from the date of your complaint for status,3/11/2019 18:27,08 BRONX,2032500071,BRONX,1011734,257483,PHONE,Unspecified,BRONX,,,,,,,,40.87336297,-73.90062183
41932375,3/11/2019 0:00,,DOHMH,Department of Health and Mental Hygiene,Rodent,Rat Sighting,Construction Site,11215,315 6 STREET,6 STREET,4 AVENUE,5 AVENUE,,,ADDRESS,BROOKLYN,,N/A,Assigned,4/10/2019 11:04,The Department of Health and Mental Hygiene will review your complaint to determine appropriate action.  Complaints of this type usually result in an inspection.  Please call 311 in 30 days from the date of your complaint for status,3/11/2019 11:07,06 BROOKLYN,3009870051,BROOKLYN,988266,183869,ONLINE,Unspecified,BROOKLYN,,,,,,,,40.67135377,-73.98552271
41932293,3/11/2019 0:00,,DOHMH,Department of Health and Mental Hygiene,Rodent,Rat Sighting,1-2 Family Dwelling,11385,90-16 UNION TURNPIKE,UNION TURNPIKE,MARGARET PLACE,LONG ISLAND RAILROAD,,,ADDRESS,Ridgewood,,N/A,Assigned,4/10/2019 19:45,The Department of Health and Mental Hygiene will review your complaint to determine appropriate action.  Complaints of this type usually result in an inspection.  Please call 311 in 30 days from the date of your complaint for status,3/11/2019 19:55,06 QUEENS,4038800067,QUEENS,1024014,196588,PHONE,Unspecified,QUEENS,,,,,,,,40.70617606,-73.85657969
41932256,3/11/2019 0:00,3/11/2019 0:00,DOHMH,Department of Health and Mental Hygiene,Rodent,Rat Sighting,3+ Family Apt. Building,10011,225 WEST 23 STREET,WEST 23 STREET,,,,,LATLONG,NEW YORK,,N/A,Closed,4/10/2019 20:50,The Department of Health and Mental Hygiene will review your complaint to determine appropriate action.  Complaints of this type usually result in an inspection.  Please call 311 in 30 days from the date of your complaint for status,3/11/2019 20:53,Unspecified MANHATTAN,,MANHATTAN,985233,210605,MOBILE,Unspecified,MANHATTAN,,,,,,,,40.74473861,-73.99645248
41932230,3/11/2019 0:00,,DOHMH,Department of Health and Mental Hygiene,Rodent,Rat Sighting,3+ Family Apt. Building,11221,194 STUYVESANT AVENUE,STUYVESANT AVENUE,QUINCY STREET,GATES AVENUE,,,ADDRESS,BROOKLYN,,N/A,Assigned,4/10/2019 3:11,The Department of Health and Mental Hygiene will review your complaint to determine appropriate action.  Complaints of this type usually result in an inspection.  Please call 311 in 30 days from the date of your complaint for status,3/11/2019 3:19,03 BROOKLYN,3016300045,BROOKLYN,1002780,190153,PHONE,Unspecified,BROOKLYN,,,,,,,,40.68858343,-73.93318388
41932210,3/11/2019 0:00,,DOHMH,Department of Health and Mental Hygiene,Rodent,Condition Attracting Rodents,1-2 Family Dwelling,10306,586 GREELEY AVENUE,GREELEY AVENUE,OLYMPIA BOULEVARD,COLONY AVENUE,,,ADDRESS,STATEN ISLAND,,N/A,Assigned,4/10/2019 17:25,The Department of Health and Mental Hygiene will review your complaint to determine appropriate action.  Complaints of this type usually result in an inspection.  Please call 311 in 30 days from the date of your complaint for status,3/11/2019 17:38,02 STATEN ISLAND,5038880036,STATEN ISLAND,957971,147053,PHONE,Unspecified,STATEN ISLAND,,,,,,,,40.5702635,-74.0945899
41931830,3/11/2019 0:00,,DOHMH,Department of Health and Mental Hygiene,Rodent,Condition Attracting Rodents,1-2 Family Dwelling,11433,164-18 109 ROAD,109 ROAD,DEAD END,167 STREET,,,ADDRESS,Jamaica,,N/A,Assigned,4/10/2019 7:42,The Department of Health and Mental Hygiene will review your complaint to determine appropriate action.  Complaints of this type usually result in an inspection.  Please call 311 in 30 days from the date of your complaint for status,3/11/2019 7:47,12 QUEENS,4101840056,QUEENS,1043268,192690,PHONE,Unspecified,QUEENS,,,,,,,,40.69536952,-73.78716899
41931817,3/11/2019 0:00,3/11/2019 0:00,DOHMH,Department of Health and Mental Hygiene,Rodent,Rat Sighting,3+ Family Apt. Building,10030,123 WEST  133 STREET,WEST  133 STREET,LENOX AVENUE,7 AVENUE,,,ADDRESS,NEW YORK,,N/A,Closed,4/10/2019 16:08,The Department of Health and Mental Hygiene will review your complaint to determine appropriate action.  Complaints of this type usually result in an inspection.  Please call 311 in 30 days from the date of your complaint for status,3/11/2019 16:18,10 MANHATTAN,1019180020,MANHATTAN,1000049,235588,PHONE,Unspecified,MANHATTAN,,,,,,,,40.81329627,-73.94292467
41931805,3/11/2019 0:00,3/11/2019 0:00,DOHMH,Department of Health and Mental Hygiene,Rodent,Condition Attracting Rodents,Other (Explain Below),10458,116 EAST MOSHOLU PARKWAY SOUTH,EAST MOSHOLU PARKWAY SOUTH,VAN CORTLANDT AVENUE EAST,EAST 206 STREET,,,ADDRESS,BRONX,,N/A,Closed,4/10/2019 17:23,The Department of Health and Mental Hygiene will review your complaint to determine appropriate action.  Complaints of this type usually result in an inspection.  Please call 311 in 30 days from the date of your complaint for status,3/11/2019 17:38,07 BRONX,2033130040,BRONX,1016462,258514,PHONE,Unspecified,BRONX,,,,,,,,40.87617676,-73.88352112
41931586,3/11/2019 0:00,,DOHMH,Department of Health and Mental Hygiene,Rodent,Mouse Sighting,3+ Family Apt. Building,10032,427 WEST  154 STREET,WEST  154 STREET,ST NICHOLAS AVENUE,AMSTERDAM AVENUE,,,ADDRESS,NEW YORK,,N/A,Assigned,4/10/2019 20:45,The Department of Health and Mental Hygiene will review your complaint to determine appropriate action.  Complaints of this type usually result in an inspection.  Please call 311 in 30 days from the date of your complaint for status,3/11/2019 20:53,09 MANHATTAN,1020687502,MANHATTAN,1000228,241823,PHONE,Unspecified,MANHATTAN,,,,,,,,40.83040926,-73.94226317
41931542,3/11/2019 0:00,,DOHMH,Department of Health and Mental Hygiene,Rodent,Mouse Sighting,3+ Family Mixed Use Building,10017,3 MITCHELL PLACE,MITCHELL PLACE,1 AVENUE,BEEKMAN PLACE,,,ADDRESS,NEW YORK,,N/A,Assigned,4/10/2019 12:49,The Department of Health and Mental Hygiene will review your complaint to determine appropriate action.  Complaints of this type usually result in an inspection.  Please call 311 in 30 days from the date of your complaint for status,3/11/2019 12:53,06 MANHATTAN,1013610001,MANHATTAN,993607,213701,ONLINE,Unspecified,MANHATTAN,,,,,,,,40.75323146,-73.96622746
41930761,3/11/2019 0:00,,DOHMH,Department of Health and Mental Hygiene,Rodent,Rat Sighting,3+ Family Apt. Building,11434,,,,,155 STREET,119 AVENUE,INTERSECTION,JAMAICA,,N/A,Assigned,4/10/2019 11:48,The Department of Health and Mental Hygiene will review your complaint to determine appropriate action.  Complaints of this type usually result in an inspection.  Please call 311 in 30 days from the date of your complaint for status,3/11/2019 11:54,Unspecified QUEENS,,QUEENS,1043208,187089,PHONE,Unspecified,QUEENS,,,,,,,,40.6799965,-73.78743437
41930749,3/11/2019 0:00,3/11/2019 0:00,DOHMH,Department of Health and Mental Hygiene,Rodent,Rat Sighting,1-2 Family Dwelling,10469,2538 MICKLE AVENUE,MICKLE AVENUE,MACE AVENUE,ALLERTON AVENUE,,,ADDRESS,BRONX,,N/A,Closed,4/10/2019 17:52,The Department of Health and Mental Hygiene will review your complaint to determine appropriate action.  Complaints of this type usually result in an inspection.  Please call 311 in 30 days from the date of your complaint for status,3/11/2019 17:59,11 BRONX,2044860024,BRONX,1028291,254021,PHONE,Unspecified,BRONX,,,,,,,,40.86379377,-73.84077696
41930158,3/11/2019 0:00,,DOHMH,Department of Health and Mental Hygiene,Rodent,Mouse Sighting,3+ Family Apt. Building,11212,431 REMSEN AVENUE,REMSEN AVENUE,,,,,LATLONG,BROOKLYN,,N/A,Assigned,4/10/2019 12:14,The Department of Health and Mental Hygiene will review your complaint to determine appropriate action.  Complaints of this type usually result in an inspection.  Please call 311 in 30 days from the date of your complaint for status,3/11/2019 12:18,Unspecified BROOKLYN,,BROOKLYN,1005743,178109,MOBILE,Unspecified,BROOKLYN,,,,,,,,40.65551867,-73.9225382
41930099,3/11/2019 0:00,,DOHMH,Department of Health and Mental Hygiene,Rodent,Rat Sighting,3+ Family Apt. Building,10075,440 EAST 78 STREET,EAST 78 STREET,,,,,LATLONG,NEW YORK,,N/A,Assigned,4/10/2019 13:19,The Department of Health and Mental Hygiene will review your complaint to determine appropriate action.  Complaints of this type usually result in an inspection.  Please call 311 in 30 days from the date of your complaint for status,3/11/2019 13:28,Unspecified MANHATTAN,,MANHATTAN,997544,220142,MOBILE,Unspecified,MANHATTAN,,,,,,,,40.7709053,-73.95200478
41929434,3/11/2019 0:00,,DOHMH,Department of Health and Mental Hygiene,Rodent,Rat Sighting,3+ Family Mixed Use Building,10013,135 WATTS STREET,WATTS STREET,GREENWICH STREET,WASHINGTON STREET,,,ADDRESS,NEW YORK,,N/A,Assigned,4/10/2019 11:24,The Department of Health and Mental Hygiene will review your complaint to determine appropriate action.  Complaints of this type usually result in an inspection.  Please call 311 in 30 days from the date of your complaint for status,3/11/2019 11:28,01 MANHATTAN,1002240024,MANHATTAN,981542,203092,ONLINE,Unspecified,MANHATTAN,,,,,,,,40.72411692,-74.00976981
41929421,3/11/2019 0:00,,DOHMH,Department of Health and Mental Hygiene,Rodent,Rat Sighting,Vacant Lot,11206,772 MYRTLE AVENUE,MYRTLE AVENUE,NOSTRAND AVENUE,MARCY AVENUE,,,ADDRESS,BROOKLYN,,N/A,Assigned,4/10/2019 14:09,The Department of Health and Mental Hygiene will review your complaint to determine appropriate action.  Complaints of this type usually result in an inspection.  Please call 311 in 30 days from the date of your complaint for status,3/11/2019 14:12,03 BROOKLYN,3017540016,BROOKLYN,997588,192510,ONLINE,Unspecified,BROOKLYN,,,,,,,,40.6950622,-73.9519007
41929367,3/11/2019 0:00,,DOHMH,Department of Health and Mental Hygiene,Unsanitary Animal Pvt Property,Cat,1-2 Family Dwelling,10306,8 THAYER PLACE,THAYER PLACE,THOLLEN STREET,BEND,,,ADDRESS,STATEN ISLAND,,N/A,Assigned,4/10/2019 13:19,The Department of Health and Mental Hygiene will review your complaint to determine appropriate action.  Complaints of this type usually result in an inspection.  Please call 311 in 30 days from the date of your complaint for status,3/11/2019 13:27,03 STATEN ISLAND,5050280026,STATEN ISLAND,947755,141559,UNKNOWN,Unspecified,STATEN ISLAND,,,,,,,,40.55514738,-74.13133217
41929359,3/11/2019 0:00,,DOHMH,Department of Health and Mental Hygiene,Rodent,Rat Sighting,3+ Family Apt. Building,10039,2844 FREDRICK DOUGLASS BOULEVARD,FREDRICK DOUGLASS BOULEVARD,WEST 150 STREET,WEST 151 STREET,,,ADDRESS,NEW YORK,,N/A,Assigned,4/10/2019 20:07,The Department of Health and Mental Hygiene will review your complaint to determine appropriate action.  Complaints of this type usually result in an inspection.  Please call 311 in 30 days from the date of your complaint for status,3/11/2019 20:14,10 MANHATTAN,1020360061,MANHATTAN,1001052,240370,PHONE,Unspecified,MANHATTAN,,,,,,,,40.82641966,-73.93928926
41929271,3/11/2019 0:00,,DOHMH,Department of Health and Mental Hygiene,Rodent,Condition Attracting Rodents,Other (Explain Below),10075,334 EAST   79 STREET,EAST   79 STREET,2 AVENUE,1 AVENUE,,,ADDRESS,NEW YORK,,N/A,Assigned,4/10/2019 9:07,The Department of Health and Mental Hygiene will review your complaint to determine appropriate action.  Complaints of this type usually result in an inspection.  Please call 311 in 30 days from the date of your complaint for status,3/11/2019 9:17,08 MANHATTAN,1014530035,MANHATTAN,996955,220883,PHONE,Unspecified,MANHATTAN,,,,,,,,40.77294002,-73.95412984
41929252,3/11/2019 0:00,3/11/2019 0:00,DOHMH,Department of Health and Mental Hygiene,Rodent,Rat Sighting,3+ Family Apt. Building,11206,12 VERNON AVENUE,VERNON AVENUE,,,,,LATLONG,BROOKLYN,,N/A,Closed,4/10/2019 22:18,The Department of Health and Mental Hygiene will review your complaint to determine appropriate action.  Complaints of this type usually result in an inspection.  Please call 311 in 30 days from the date of your complaint for status,3/11/2019 22:21,Unspecified BROOKLYN,,BROOKLYN,997642,192158,MOBILE,Unspecified,BROOKLYN,,,,,,,,40.69409596,-73.95170667
41929231,3/11/2019 0:00,3/11/2019 0:00,DOHMH,Department of Health and Mental Hygiene,Rodent,Signs of Rodents,3+ Family Mixed Use Building,10031,611 WEST  148 STREET,WEST  148 STREET,BROADWAY,RIVERSIDE DRIVE,,,ADDRESS,NEW YORK,,N/A,Closed,4/10/2019 10:49,The Department of Health and Mental Hygiene will review your complaint to determine appropriate action.  Complaints of this type usually result in an inspection.  Please call 311 in 30 days from the date of your complaint for status,3/11/2019 10:51,09 MANHATTAN,1020950023,MANHATTAN,998139,241193,ONLINE,Unspecified,MANHATTAN,,,,,,,,40.82868362,-73.94981311
41928704,3/11/2019 0:00,,DOHMH,Department of Health and Mental Hygiene,Rodent,Condition Attracting Rodents,1-2 Family Dwelling,11355,43-37 MURRAY STREET,MURRAY STREET,DELAWARE AVENUE,ELM AVENUE,,,ADDRESS,Flushing,,N/A,Assigned,4/10/2019 12:44,The Department of Health and Mental Hygiene will review your complaint to determine appropriate action.  Complaints of this type usually result in an inspection.  Please call 311 in 30 days from the date of your complaint for status,3/11/2019 12:52,07 QUEENS,4054120011,QUEENS,1036677,215454,PHONE,Unspecified,QUEENS,,,,,,,,40.75789251,-73.81076006
41928651,3/11/2019 0:00,3/11/2019 0:00,DOHMH,Department of Health and Mental Hygiene,Rodent,Mouse Sighting,3+ Family Apt. Building,10026,35 MORNINGSIDE AVENUE,MORNINGSIDE AVENUE,,,,,LATLONG,NEW YORK,,N/A,Closed,4/10/2019 7:55,The Department of Health and Mental Hygiene will review your complaint to determine appropriate action.  Complaints of this type usually result in an inspection.  Please call 311 in 30 days from the date of your complaint for status,3/11/2019 7:58,Unspecified MANHATTAN,,MANHATTAN,996110,233110,MOBILE,Unspecified,MANHATTAN,,,,,,,,40.80650102,-73.95715904
41928549,3/11/2019 0:00,,DOHMH,Department of Health and Mental Hygiene,Rodent,Mouse Sighting,3+ Family Mixed Use Building,11218,101 CLARA STREET,CLARA STREET,CHESTER AVENUE,36 STREET,,,ADDRESS,BROOKLYN,,N/A,Assigned,4/10/2019 20:43,The Department of Health and Mental Hygiene will review your complaint to determine appropriate action.  Complaints of this type usually result in an inspection.  Please call 311 in 30 days from the date of your complaint for status,3/11/2019 20:51,12 BROOKLYN,3053100013,BROOKLYN,988726,173553,PHONE,Unspecified,BROOKLYN,,,,,,,,40.64303839,-73.9838713
41927954,3/11/2019 0:00,,DOHMH,Department of Health and Mental Hygiene,Rodent,Rat Sighting,3+ Family Apt. Building,10075,420 EAST 78 STREET,EAST 78 STREET,,,,,LATLONG,NEW YORK,,N/A,Assigned,4/10/2019 13:21,The Department of Health and Mental Hygiene will review your complaint to determine appropriate action.  Complaints of this type usually result in an inspection.  Please call 311 in 30 days from the date of your complaint for status,3/11/2019 13:28,Unspecified MANHATTAN,,MANHATTAN,997487,220173,MOBILE,Unspecified,MANHATTAN,,,,,,,,40.77099047,-73.9522105
41927898,3/11/2019 0:00,3/11/2019 0:00,DOHMH,Department of Health and Mental Hygiene,Rodent,Rat Sighting,3+ Family Mixed Use Building,10031,530 WEST  147 STREET,WEST  147 STREET,AMSTERDAM AVENUE,BROADWAY,,,ADDRESS,NEW YORK,,N/A,Closed,4/10/2019 22:33,The Department of Health and Mental Hygiene will review your complaint to determine appropriate action.  Complaints of this type usually result in an inspection.  Please call 311 in 30 days from the date of your complaint for status,3/11/2019 22:45,09 MANHATTAN,1020780051,MANHATTAN,998734,240559,PHONE,Unspecified,MANHATTAN,,,,,,,,40.82694252,-73.94766449
41927656,3/11/2019 0:00,3/11/2019 0:00,DOHMH,Department of Health and Mental Hygiene,Rodent,Rat Sighting,3+ Family Apt. Building,11385,1707 MADISON STREET,MADISON STREET,CYPRESS AVENUE,SENECA AVENUE,,,ADDRESS,Ridgewood,,N/A,Closed,4/10/2019 9:02,The Department of Health and Mental Hygiene will review your complaint to determine appropriate action.  Complaints of this type usually result in an inspection.  Please call 311 in 30 days from the date of your complaint for status,3/11/2019 9:11,05 QUEENS,4034570061,QUEENS,1009996,194693,PHONE,Unspecified,QUEENS,,,,,,,,40.70102663,-73.90714684
41927227,3/11/2019 0:00,,DOHMH,Department of Health and Mental Hygiene,Rodent,Condition Attracting Rodents,1-2 Family Dwelling,11213,1496 PACIFIC STREET,PACIFIC STREET,KINGSTON AVENUE,ALBANY AVENUE,,,ADDRESS,BROOKLYN,,N/A,Assigned,4/10/2019 20:03,The Department of Health and Mental Hygiene will review your complaint to determine appropriate action.  Complaints of this type usually result in an inspection.  Please call 311 in 30 days from the date of your complaint for status,3/11/2019 20:14,08 BROOKLYN,3012100024,BROOKLYN,1000871,185974,PHONE,Unspecified,BROOKLYN,,,,,,,,40.67711682,-73.94007772
41927226,3/11/2019 0:00,,DOHMH,Department of Health and Mental Hygiene,Rodent,Condition Attracting Rodents,1-2 Family Dwelling,11385,64-13 SHALER AVENUE,SHALER AVENUE,64 STREET,64 PLACE,,,ADDRESS,Ridgewood,,N/A,Assigned,4/10/2019 14:33,The Department of Health and Mental Hygiene will review your complaint to determine appropriate action.  Complaints of this type usually result in an inspection.  Please call 311 in 30 days from the date of your complaint for status,3/11/2019 14:37,05 QUEENS,4036320027,QUEENS,1013916,195321,ONLINE,Unspecified,QUEENS,,,,,,,,40.70273806,-73.89300657
41927152,3/11/2019 0:00,,DOHMH,Department of Health and Mental Hygiene,Rodent,Rat Sighting,3+ Family Apt. Building,11249,429 KENT AVENUE,KENT AVENUE,,,,,LATLONG,BROOKLYN,,N/A,Assigned,4/10/2019 20:00,The Department of Health and Mental Hygiene will review your complaint to determine appropriate action.  Complaints of this type usually result in an inspection.  Please call 311 in 30 days from the date of your complaint for status,3/11/2019 20:03,Unspecified BROOKLYN,,BROOKLYN,993185,197771,MOBILE,Unspecified,BROOKLYN,,,,,,,,40.70950795,-73.96777175
41927120,3/11/2019 0:00,,DOHMH,Department of Health and Mental Hygiene,Rodent,Condition Attracting Rodents,1-2 Family Mixed Use Building,10075,334 EAST   79 STREET,EAST   79 STREET,2 AVENUE,1 AVENUE,,,ADDRESS,NEW YORK,,N/A,Assigned,4/10/2019 9:21,The Department of Health and Mental Hygiene will review your complaint to determine appropriate action.  Complaints of this type usually result in an inspection.  Please call 311 in 30 days from the date of your complaint for status,3/11/2019 9:27,08 MANHATTAN,1014530035,MANHATTAN,996955,220883,PHONE,Unspecified,MANHATTAN,,,,,,,,40.77294002,-73.95412984
41926661,3/11/2019 0:00,3/11/2019 0:00,DOHMH,Department of Health and Mental Hygiene,Rodent,Rat Sighting,3+ Family Mixed Use Building,10030,123 WEST  133 STREET,WEST  133 STREET,LENOX AVENUE,7 AVENUE,,,ADDRESS,NEW YORK,,N/A,Closed,4/10/2019 16:19,The Department of Health and Mental Hygiene will review your complaint to determine appropriate action.  Complaints of this type usually result in an inspection.  Please call 311 in 30 days from the date of your complaint for status,3/11/2019 16:32,10 MANHATTAN,1019180020,MANHATTAN,1000049,235588,PHONE,Unspecified,MANHATTAN,,,,,,,,40.81329627,-73.94292467
41926425,3/11/2019 0:00,,DOHMH,Department of Health and Mental Hygiene,Rodent,Rat Sighting,Other (Explain Below),10075,418 EAST 78 STREET,EAST 78 STREET,,,,,LATLONG,NEW YORK,,N/A,Assigned,4/10/2019 14:22,The Department of Health and Mental Hygiene will review your complaint to determine appropriate action.  Complaints of this type usually result in an inspection.  Please call 311 in 30 days from the date of your complaint for status,3/11/2019 14:27,Unspecified MANHATTAN,,MANHATTAN,997463,220186,MOBILE,Unspecified,MANHATTAN,,,,,,,,40.77102619,-73.95229713
41926376,3/11/2019 0:00,,DOHMH,Department of Health and Mental Hygiene,Rodent,Condition Attracting Rodents,3+ Family Apt. Building,10458,2384 HOFFMAN STREET,HOFFMAN STREET,EAST 184 STREET,EAST 187 STREET,,,ADDRESS,BRONX,,N/A,Assigned,4/10/2019 14:47,The Department of Health and Mental Hygiene will review your complaint to determine appropriate action.  Complaints of this type usually result in an inspection.  Please call 311 in 30 days from the date of your complaint for status,3/11/2019 14:53,06 BRONX,2030650035,BRONX,1014998,250997,PHONE,Unspecified,BRONX,,,,,,,,40.85555011,-73.88884944
41926271,3/11/2019 0:00,,DOHMH,Department of Health and Mental Hygiene,Rodent,Mouse Sighting,3+ Family Apt. Building,11230,1820 AVENUE N,AVENUE N,,,,,LATLONG,BROOKLYN,,N/A,Assigned,4/10/2019 17:03,The Department of Health and Mental Hygiene will review your complaint to determine appropriate action.  Complaints of this type usually result in an inspection.  Please call 311 in 30 days from the date of your complaint for status,3/11/2019 17:08,Unspecified BROOKLYN,,BROOKLYN,996454,163662,MOBILE,Unspecified,BROOKLYN,,,,,,,,40.61588241,-73.95604232
41925701,3/11/2019 0:00,,DOHMH,Department of Health and Mental Hygiene,Rodent,Condition Attracting Rodents,Construction Site,11222,167 EAGLE STREET,EAGLE STREET,MANHATTAN AVENUE,MCGUINNESS BOULEVARD,,,ADDRESS,BROOKLYN,,N/A,Assigned,4/10/2019 11:18,The Department of Health and Mental Hygiene will review your complaint to determine appropriate action.  Complaints of this type usually result in an inspection.  Please call 311 in 30 days from the date of your complaint for status,3/11/2019 11:25,01 BROOKLYN,3024960051,BROOKLYN,996991,207157,PHONE,Unspecified,BROOKLYN,,,,,,,,40.73526559,-73.95402587
41925697,3/11/2019 0:00,,DOHMH,Department of Health and Mental Hygiene,Rodent,Condition Attracting Rodents,3+ Family Apt. Building,10453,2095 CRESTON AVENUE,CRESTON AVENUE,,,,,LATLONG,BRONX,,N/A,Assigned,4/10/2019 17:54,The Department of Health and Mental Hygiene will review your complaint to determine appropriate action.  Complaints of this type usually result in an inspection.  Please call 311 in 30 days from the date of your complaint for status,3/11/2019 17:57,Unspecified BRONX,,BRONX,1010847,250544,MOBILE,Unspecified,BRONX,,,,,,,,40.85432025,-73.90385662
41925677,3/11/2019 0:00,3/11/2019 0:00,DOHMH,Department of Health and Mental Hygiene,Rodent,Rat Sighting,3+ Family Mixed Use Building,11226,466 EAST   26 STREET,EAST   26 STREET,NEWKIRK AVENUE,FOSTER AVENUE,,,ADDRESS,BROOKLYN,,N/A,Closed,4/10/2019 13:49,The Department of Health and Mental Hygiene will review your complaint to determine appropriate action.  Complaints of this type usually result in an inspection.  Please call 311 in 30 days from the date of your complaint for status,3/11/2019 13:54,17 BROOKLYN,3052120056,BROOKLYN,997510,172125,PHONE,Unspecified,BROOKLYN,,,,,,,,40.63911004,-73.95222208
41925669,3/11/2019 0:00,,DOHMH,Department of Health and Mental Hygiene,Rodent,Mouse Sighting,3+ Family Apt. Building,10472,1117 MANOR AVENUE,MANOR AVENUE,,,,,LATLONG,BRONX,,N/A,Assigned,4/10/2019 11:30,The Department of Health and Mental Hygiene will review your complaint to determine appropriate action.  Complaints of this type usually result in an inspection.  Please call 311 in 30 days from the date of your complaint for status,3/11/2019 11:33,Unspecified BRONX,,BRONX,1018512,240555,MOBILE,Unspecified,BRONX,,,,,,,,40.82687696,-73.87620009
41924981,3/11/2019 0:00,,DOHMH,Department of Health and Mental Hygiene,Rodent,Rat Sighting,Vacant Lot,11206,778 MYRTLE AVENUE,MYRTLE AVENUE,NOSTRAND AVENUE,MARCY AVENUE,,,ADDRESS,BROOKLYN,,N/A,Assigned,4/10/2019 14:06,The Department of Health and Mental Hygiene will review your complaint to determine appropriate action.  Complaints of this type usually result in an inspection.  Please call 311 in 30 days from the date of your complaint for status,3/11/2019 14:12,03 BROOKLYN,3017540020,BROOKLYN,997627,192516,ONLINE,Unspecified,BROOKLYN,,,,,,,,40.69507861,-73.95176005
41924917,3/11/2019 0:00,,DOHMH,Department of Health and Mental Hygiene,Rodent,Rat Sighting,3+ Family Apt. Building,10075,418 EAST 78 STREET,EAST 78 STREET,,,,,LATLONG,NEW YORK,,N/A,Assigned,4/10/2019 13:17,The Department of Health and Mental Hygiene will review your complaint to determine appropriate action.  Complaints of this type usually result in an inspection.  Please call 311 in 30 days from the date of your complaint for status,3/11/2019 13:23,Unspecified MANHATTAN,,MANHATTAN,997463,220186,MOBILE,Unspecified,MANHATTAN,,,,,,,,40.77102619,-73.95229713
41924854,3/11/2019 0:00,,DOHMH,Department of Health and Mental Hygiene,Rodent,Rat Sighting,3+ Family Apt. Building,11218,1149 39 STREET,39 STREET,FT HAMILTON PARKWAY,12 AVENUE,,,ADDRESS,BROOKLYN,,N/A,Assigned,4/10/2019 14:31,The Department of Health and Mental Hygiene will review your complaint to determine appropriate action.  Complaints of this type usually result in an inspection.  Please call 311 in 30 days from the date of your complaint for status,3/11/2019 14:40,12 BROOKLYN,3052900010,BROOKLYN,987163,173384,PHONE,Unspecified,BROOKLYN,,,,,,,,40.64257517,-73.98950345
41924779,3/11/2019 0:00,,DOHMH,Department of Health and Mental Hygiene,Rodent,Rat Sighting,3+ Family Mixed Use Building,11385,56-15 CATALPA AVENUE,CATALPA AVENUE,MYRTLE AVENUE,SENECA AVENUE,,,ADDRESS,Ridgewood,,N/A,Assigned,4/10/2019 11:58,The Department of Health and Mental Hygiene will review your complaint to determine appropriate action.  Complaints of this type usually result in an inspection.  Please call 311 in 30 days from the date of your complaint for status,3/11/2019 12:05,05 QUEENS,4034640013,QUEENS,1010671,194463,PHONE,Unspecified,QUEENS,,,,,,,,40.70039334,-73.90471335
41924703,3/11/2019 0:00,,DOHMH,Department of Health and Mental Hygiene,Rodent,Mouse Sighting,3+ Family Apt. Building,11207,586 LIBERTY AVENUE,LIBERTY AVENUE,BARBEY STREET,JEROME STREET,,,ADDRESS,BROOKLYN,,N/A,Assigned,4/10/2019 12:42,The Department of Health and Mental Hygiene will review your complaint to determine appropriate action.  Complaints of this type usually result in an inspection.  Please call 311 in 30 days from the date of your complaint for status,3/11/2019 12:50,05 BROOKLYN,3039810010,BROOKLYN,1015299,185452,PHONE,Unspecified,BROOKLYN,,,,,,,,40.67564521,-73.88806413
